<?xml version="1.0" encoding="UTF-8"?>
<Tokens version="1.0">
	<File path="Classes/PICartItem.html">
		
		<Token>
			<TokenIdentifier>//apple_ref/occ/cl/PICartItem</TokenIdentifier>
			<Abstract type="html">@class PICartItem</Abstract>
			<DeclaredIn>PICartItem.h</DeclaredIn>
            
			
			<NodeRef refid="15"/>
		</Token>
		
		
		<Token>
			<TokenIdentifier>//apple_ref/occ/instm/PICartItem/initWithPrice:quantity:item:</TokenIdentifier>
			<Abstract type="html">Initialize a Cart Item object for use in analytics. (&lt;b class=&quot;deprecated&quot;&gt;Deprecated:&lt;/b&gt;&lt;span class=&quot;deprecated&quot;&gt; in v4.8.0. The Journey Builder for Apps SDK static library has been deprecated as of v4.8.0 (release 207). Please see https://github.com/salesforce-marketingcloud/MarketingCloudSDK-iOS and the MarketingCloudSDK framework for the latest implementation of Salesforce Marketing Cloud&apos;s offering.&lt;/span&gt;)</Abstract>
			<DeclaredIn>PICartItem.h</DeclaredIn>
			
			<Declaration>- (instancetype)initWithPrice:(NSNumber *)price quantity:(NSNumber *)quantity item:(NSString *)item</Declaration>
			<Parameters>
				<Parameter>
					<Name>price</Name>
					<Abstract type="html">The price amount (USD) of this item (non-nil value; 0 permissable)</Abstract>
				</Parameter><Parameter>
					<Name>quantity</Name>
					<Abstract type="html">The count of items in the cart for this particular product (non-nil value; 0 permissable)</Abstract>
				</Parameter><Parameter>
					<Name>item</Name>
					<Abstract type="html">The unique product code from the e-commerce system representing this cart item (non-nil string value)</Abstract>
				</Parameter>
			</Parameters>
			<ReturnValue><Abstract type="html">instancetype</Abstract></ReturnValue>
			<Anchor>//api/name/initWithPrice:quantity:item:</Anchor>
            <NodeRef refid="15"/>
		</Token>
		
		<Token>
			<TokenIdentifier>//apple_ref/occ/instm/PICartItem/dictionaryRepresentation</TokenIdentifier>
			<Abstract type="html">Convert PICartItem to dictionary. (&lt;b class=&quot;deprecated&quot;&gt;Deprecated:&lt;/b&gt;&lt;span class=&quot;deprecated&quot;&gt; in v4.8.0. The Journey Builder for Apps SDK static library has been deprecated as of v4.8.0 (release 207). Please see https://github.com/salesforce-marketingcloud/MarketingCloudSDK-iOS and the MarketingCloudSDK framework for the latest implementation of Salesforce Marketing Cloud&apos;s offering.&lt;/span&gt;)</Abstract>
			<DeclaredIn>PICartItem.h</DeclaredIn>
			
			<Declaration>- (NSDictionary *)dictionaryRepresentation</Declaration>
			
			<ReturnValue><Abstract type="html">NSDictionary</Abstract></ReturnValue>
			<Anchor>//api/name/dictionaryRepresentation</Anchor>
            <NodeRef refid="15"/>
		</Token>
		
        
        
	</File>
</Tokens>