<?xml version="1.0" encoding="UTF-8"?>
<Tokens version="1.0">
	<File path="Constants/requestPIRecommendationsError.html">
		
		<Token>
			<TokenIdentifier>//apple_ref/c/tdef/requestPIRecommendationsError</TokenIdentifier>
			<Abstract type="html">requestPIRecommendations errors</Abstract>
			<DeclaredIn>PushConstants.h</DeclaredIn>
            
			
			<NodeRef refid="29"/>
		</Token>
		
		
        
        <Token>
            <TokenIdentifier>//apple_ref/c/econst/firstrequestPIRecommendationsInvalidIndex</TokenIdentifier>
            <Abstract type="html">Initial enum value</Abstract>
            <Declaration>firstrequestPIRecommendationsInvalidIndex</Declaration>
            
            <DeclaredIn>PushConstants.h</DeclaredIn>
            
            <NodeRef refid="29"/>
        </Token>
        
        <Token>
            <TokenIdentifier>//apple_ref/c/econst/requestPIRecommendationsNoError</TokenIdentifier>
            <Abstract type="html">requestPIRecommendationsNoError</Abstract>
            <Declaration>requestPIRecommendationsNoError</Declaration>
            
            <DeclaredIn>PushConstants.h</DeclaredIn>
            
            <NodeRef refid="29"/>
        </Token>
        
        <Token>
            <TokenIdentifier>//apple_ref/c/econst/requestPIRecommendationsInvalidMidParameterError</TokenIdentifier>
            <Abstract type="html">requestPIRecommendationsInvalidMidParameterError</Abstract>
            <Declaration>requestPIRecommendationsInvalidMidParameterError</Declaration>
            
            <DeclaredIn>PushConstants.h</DeclaredIn>
            
            <NodeRef refid="29"/>
        </Token>
        
        <Token>
            <TokenIdentifier>//apple_ref/c/econst/requestPIRecommendationsInvalidRetailerParameterError</TokenIdentifier>
            <Abstract type="html">requestPIRecommendationsInvalidRetailerParameterError</Abstract>
            <Declaration>requestPIRecommendationsInvalidRetailerParameterError</Declaration>
            
            <DeclaredIn>PushConstants.h</DeclaredIn>
            
            <NodeRef refid="29"/>
        </Token>
        
        <Token>
            <TokenIdentifier>//apple_ref/c/econst/requestPIRecommendationsInvalidPageParameterError</TokenIdentifier>
            <Abstract type="html">requestPIRecommendationsInvalidPageParameterError</Abstract>
            <Declaration>requestPIRecommendationsInvalidPageParameterError</Declaration>
            
            <DeclaredIn>PushConstants.h</DeclaredIn>
            
            <NodeRef refid="29"/>
        </Token>
        
        <Token>
            <TokenIdentifier>//apple_ref/c/econst/requestPIRecommendationsInvalidCompletionHandlerError</TokenIdentifier>
            <Abstract type="html">requestPIRecommendationsInvalidCompletionHandlerError</Abstract>
            <Declaration>requestPIRecommendationsInvalidCompletionHandlerError</Declaration>
            
            <DeclaredIn>PushConstants.h</DeclaredIn>
            
            <NodeRef refid="29"/>
        </Token>
        
        <Token>
            <TokenIdentifier>//apple_ref/c/econst/lastrequestPIRecommendationsInvalidIndex</TokenIdentifier>
            <Abstract type="html">lastrequestPIRecommendationsInvalidIndex</Abstract>
            <Declaration>lastrequestPIRecommendationsInvalidIndex</Declaration>
            
            <DeclaredIn>PushConstants.h</DeclaredIn>
            
            <NodeRef refid="29"/>
        </Token>
        
        
	</File>
</Tokens>