<?xml version="1.0" encoding="UTF-8"?>
<Tokens version="1.0">
	<File path="Classes/PICart.html">
		
		<Token>
			<TokenIdentifier>//apple_ref/occ/cl/PICart</TokenIdentifier>
			<Abstract type="html">@class PICart</Abstract>
			<DeclaredIn>PICart.h</DeclaredIn>
            
			
			<NodeRef refid="14"/>
		</Token>
		
		
		<Token>
			<TokenIdentifier>//apple_ref/occ/instm/PICart/initWithCartItems:</TokenIdentifier>
			<Abstract type="html">Initialize a Cart object for use in analytics. (&lt;b class=&quot;deprecated&quot;&gt;Deprecated:&lt;/b&gt;&lt;span class=&quot;deprecated&quot;&gt; in v4.8.0. The Journey Builder for Apps SDK static library has been deprecated as of v4.8.0 (release 207). Please see https://github.com/salesforce-marketingcloud/MarketingCloudSDK-iOS and the MarketingCloudSDK framework for the latest implementation of Salesforce Marketing Cloud&apos;s offering.&lt;/span&gt;)</Abstract>
			<DeclaredIn>PICart.h</DeclaredIn>
			
			<Declaration>- (instancetype)initWithCartItems:(NSArray *)cartItems</Declaration>
			<Parameters>
				<Parameter>
					<Name>cartItems</Name>
					<Abstract type="html">An array of PICartItem objects (non-nil array). An empty array indicates an empty cart, and will be used to indicate a cleared cart to the analytics system.</Abstract>
				</Parameter>
			</Parameters>
			<ReturnValue><Abstract type="html">instancetype</Abstract></ReturnValue>
			<Anchor>//api/name/initWithCartItems:</Anchor>
            <NodeRef refid="14"/>
		</Token>
		
		<Token>
			<TokenIdentifier>//apple_ref/occ/instm/PICart/dictionaryRepresentation</TokenIdentifier>
			<Abstract type="html">Convert PICart to dictionary. (&lt;b class=&quot;deprecated&quot;&gt;Deprecated:&lt;/b&gt;&lt;span class=&quot;deprecated&quot;&gt; in v4.8.0. The Journey Builder for Apps SDK static library has been deprecated as of v4.8.0 (release 207). Please see https://github.com/salesforce-marketingcloud/MarketingCloudSDK-iOS and the MarketingCloudSDK framework for the latest implementation of Salesforce Marketing Cloud&apos;s offering.&lt;/span&gt;)</Abstract>
			<DeclaredIn>PICart.h</DeclaredIn>
			
			<Declaration>- (NSDictionary *)dictionaryRepresentation</Declaration>
			
			<ReturnValue><Abstract type="html">NSDictionary</Abstract></ReturnValue>
			<Anchor>//api/name/dictionaryRepresentation</Anchor>
            <NodeRef refid="14"/>
		</Token>
		
        
        
	</File>
</Tokens>