<?xml version="1.0" encoding="UTF-8"?>
<Tokens version="1.0">
	<File path="Classes/ExactTargetEnhancedPushDataSource.html">
		
		<Token>
			<TokenIdentifier>//apple_ref/occ/cl/ExactTargetEnhancedPushDataSource</TokenIdentifier>
			<Abstract type="html">The ExactTargetEnhancedPushDataSource is an interface object for CloudPage support. It was designed to be used as the datasource for a UITableView, and can be allocated and used as such without too much other customization. Of course, you are welcomed to use it any way you want other than that.</Abstract>
			<DeclaredIn>ExactTargetEnhancedPushDataSource.h</DeclaredIn>
            
			
			<NodeRef refid="13"/>
		</Token>
		
		
		<Token>
			<TokenIdentifier>//apple_ref/occ/instm/ExactTargetEnhancedPushDataSource/setMessages:</TokenIdentifier>
			<Abstract type="html">This array contains ETMessages, suitable for display in a UITableView or other presentation apparatus of your liking. Please see ETMessage for a list of properties available. (&lt;b class=&quot;deprecated&quot;&gt;Deprecated:&lt;/b&gt;&lt;span class=&quot;deprecated&quot;&gt; in v4.8.0. The Journey Builder for Apps SDK static library has been deprecated as of v4.8.0 (release 207). Please see https://github.com/salesforce-marketingcloud/MarketingCloudSDK-iOS and the MarketingCloudSDK framework for the latest implementation of Salesforce Marketing Cloud&apos;s offering.&lt;/span&gt;)</Abstract>
			<DeclaredIn>ExactTargetEnhancedPushDataSource.h</DeclaredIn>
			
			<Declaration>@property (nonatomic, readonly, copy, nullable) NSArray&lt;__kindofETMessage*&gt; *messages</Declaration>
			
			
			<Anchor>//api/name/messages</Anchor>
            <NodeRef refid="13"/>
		</Token>
		
		<Token>
			<TokenIdentifier>//apple_ref/occ/instm/ExactTargetEnhancedPushDataSource/messages</TokenIdentifier>
			<Abstract type="html">This array contains ETMessages, suitable for display in a UITableView or other presentation apparatus of your liking. Please see ETMessage for a list of properties available. (&lt;b class=&quot;deprecated&quot;&gt;Deprecated:&lt;/b&gt;&lt;span class=&quot;deprecated&quot;&gt; in v4.8.0. The Journey Builder for Apps SDK static library has been deprecated as of v4.8.0 (release 207). Please see https://github.com/salesforce-marketingcloud/MarketingCloudSDK-iOS and the MarketingCloudSDK framework for the latest implementation of Salesforce Marketing Cloud&apos;s offering.&lt;/span&gt;)</Abstract>
			<DeclaredIn>ExactTargetEnhancedPushDataSource.h</DeclaredIn>
			
			<Declaration>@property (nonatomic, readonly, copy, nullable) NSArray&lt;__kindofETMessage*&gt; *messages</Declaration>
			
			
			<Anchor>//api/name/messages</Anchor>
            <NodeRef refid="13"/>
		</Token>
		
		<Token>
			<TokenIdentifier>//apple_ref/occ/instp/ExactTargetEnhancedPushDataSource/messages</TokenIdentifier>
			<Abstract type="html">This array contains ETMessages, suitable for display in a UITableView or other presentation apparatus of your liking. Please see ETMessage for a list of properties available. (&lt;b class=&quot;deprecated&quot;&gt;Deprecated:&lt;/b&gt;&lt;span class=&quot;deprecated&quot;&gt; in v4.8.0. The Journey Builder for Apps SDK static library has been deprecated as of v4.8.0 (release 207). Please see https://github.com/salesforce-marketingcloud/MarketingCloudSDK-iOS and the MarketingCloudSDK framework for the latest implementation of Salesforce Marketing Cloud&apos;s offering.&lt;/span&gt;)</Abstract>
			<DeclaredIn>ExactTargetEnhancedPushDataSource.h</DeclaredIn>
			
			<Declaration>@property (nonatomic, readonly, copy, nullable) NSArray&lt;__kindofETMessage*&gt; *messages</Declaration>
			
			
			<Anchor>//api/name/messages</Anchor>
            <NodeRef refid="13"/>
		</Token>
		
		<Token>
			<TokenIdentifier>//apple_ref/occ/instm/ExactTargetEnhancedPushDataSource/setInboxTableView:</TokenIdentifier>
			<Abstract type="html">This is a reference to the tableview in your UIViewController. We need a reference to it to reload data periodically. (&lt;b class=&quot;deprecated&quot;&gt;Deprecated:&lt;/b&gt;&lt;span class=&quot;deprecated&quot;&gt; in v4.8.0. The Journey Builder for Apps SDK static library has been deprecated as of v4.8.0 (release 207). Please see https://github.com/salesforce-marketingcloud/MarketingCloudSDK-iOS and the MarketingCloudSDK framework for the latest implementation of Salesforce Marketing Cloud&apos;s offering.&lt;/span&gt;)</Abstract>
			<DeclaredIn>ExactTargetEnhancedPushDataSource.h</DeclaredIn>
			
			<Declaration>@property (nonatomic, weak, nullable) UITableView *inboxTableView</Declaration>
			
			
			<Anchor>//api/name/inboxTableView</Anchor>
            <NodeRef refid="13"/>
		</Token>
		
		<Token>
			<TokenIdentifier>//apple_ref/occ/instm/ExactTargetEnhancedPushDataSource/inboxTableView</TokenIdentifier>
			<Abstract type="html">This is a reference to the tableview in your UIViewController. We need a reference to it to reload data periodically. (&lt;b class=&quot;deprecated&quot;&gt;Deprecated:&lt;/b&gt;&lt;span class=&quot;deprecated&quot;&gt; in v4.8.0. The Journey Builder for Apps SDK static library has been deprecated as of v4.8.0 (release 207). Please see https://github.com/salesforce-marketingcloud/MarketingCloudSDK-iOS and the MarketingCloudSDK framework for the latest implementation of Salesforce Marketing Cloud&apos;s offering.&lt;/span&gt;)</Abstract>
			<DeclaredIn>ExactTargetEnhancedPushDataSource.h</DeclaredIn>
			
			<Declaration>@property (nonatomic, weak, nullable) UITableView *inboxTableView</Declaration>
			
			
			<Anchor>//api/name/inboxTableView</Anchor>
            <NodeRef refid="13"/>
		</Token>
		
		<Token>
			<TokenIdentifier>//apple_ref/occ/instp/ExactTargetEnhancedPushDataSource/inboxTableView</TokenIdentifier>
			<Abstract type="html">This is a reference to the tableview in your UIViewController. We need a reference to it to reload data periodically. (&lt;b class=&quot;deprecated&quot;&gt;Deprecated:&lt;/b&gt;&lt;span class=&quot;deprecated&quot;&gt; in v4.8.0. The Journey Builder for Apps SDK static library has been deprecated as of v4.8.0 (release 207). Please see https://github.com/salesforce-marketingcloud/MarketingCloudSDK-iOS and the MarketingCloudSDK framework for the latest implementation of Salesforce Marketing Cloud&apos;s offering.&lt;/span&gt;)</Abstract>
			<DeclaredIn>ExactTargetEnhancedPushDataSource.h</DeclaredIn>
			
			<Declaration>@property (nonatomic, weak, nullable) UITableView *inboxTableView</Declaration>
			
			
			<Anchor>//api/name/inboxTableView</Anchor>
            <NodeRef refid="13"/>
		</Token>
		
        
        
	</File>
</Tokens>