<?xml version="1.0" encoding="UTF-8"?>
<Tokens version="1.0">
	<File path="Classes/ETEventRegion.html">
		
		<Token>
			<TokenIdentifier>//apple_ref/occ/cl/ETEventRegion</TokenIdentifier>
			<Abstract type="html">ETEventRegion is a representation of a physical region that should trigger a message to be presented to the user. This could be either macro, a geofence, or micro, an iBeacon (marketing name: Proximity), but both go through iOS&apos; Location Manager, and are reported back to the SDK through the CLLocationManagerDelegate (which is currently always ETLocationManager.</Abstract>
			<DeclaredIn>ETEventRegion.h</DeclaredIn>
            
			
			<NodeRef refid="5"/>
		</Token>
		
		
		<Token>
			<TokenIdentifier>//apple_ref/occ/instm/ETEventRegion/setFenceIdentifier:</TokenIdentifier>
			<Abstract type="html">ET-generated identifier for the ETRegion in question. This should be treated as a primary key, and is stored on the device as the encoded version sent via the routes. (&lt;b class=&quot;deprecated&quot;&gt;Deprecated:&lt;/b&gt;&lt;span class=&quot;deprecated&quot;&gt; in v4.8.0. The Journey Builder for Apps SDK static library has been deprecated as of v4.8.0 (release 207). Please see https://github.com/salesforce-marketingcloud/MarketingCloudSDK-iOS and the MarketingCloudSDK framework for the latest implementation of Salesforce Marketing Cloud&apos;s offering.&lt;/span&gt;)</Abstract>
			<DeclaredIn>ETEventRegion.h</DeclaredIn>
			
			<Declaration>@property (nonatomic, readonly, copy, nullable) NSString *fenceIdentifier</Declaration>
			
			
			<Anchor>//api/name/fenceIdentifier</Anchor>
            <NodeRef refid="5"/>
		</Token>
		
		<Token>
			<TokenIdentifier>//apple_ref/occ/instm/ETEventRegion/fenceIdentifier</TokenIdentifier>
			<Abstract type="html">ET-generated identifier for the ETRegion in question. This should be treated as a primary key, and is stored on the device as the encoded version sent via the routes. (&lt;b class=&quot;deprecated&quot;&gt;Deprecated:&lt;/b&gt;&lt;span class=&quot;deprecated&quot;&gt; in v4.8.0. The Journey Builder for Apps SDK static library has been deprecated as of v4.8.0 (release 207). Please see https://github.com/salesforce-marketingcloud/MarketingCloudSDK-iOS and the MarketingCloudSDK framework for the latest implementation of Salesforce Marketing Cloud&apos;s offering.&lt;/span&gt;)</Abstract>
			<DeclaredIn>ETEventRegion.h</DeclaredIn>
			
			<Declaration>@property (nonatomic, readonly, copy, nullable) NSString *fenceIdentifier</Declaration>
			
			
			<Anchor>//api/name/fenceIdentifier</Anchor>
            <NodeRef refid="5"/>
		</Token>
		
		<Token>
			<TokenIdentifier>//apple_ref/occ/instp/ETEventRegion/fenceIdentifier</TokenIdentifier>
			<Abstract type="html">ET-generated identifier for the ETRegion in question. This should be treated as a primary key, and is stored on the device as the encoded version sent via the routes. (&lt;b class=&quot;deprecated&quot;&gt;Deprecated:&lt;/b&gt;&lt;span class=&quot;deprecated&quot;&gt; in v4.8.0. The Journey Builder for Apps SDK static library has been deprecated as of v4.8.0 (release 207). Please see https://github.com/salesforce-marketingcloud/MarketingCloudSDK-iOS and the MarketingCloudSDK framework for the latest implementation of Salesforce Marketing Cloud&apos;s offering.&lt;/span&gt;)</Abstract>
			<DeclaredIn>ETEventRegion.h</DeclaredIn>
			
			<Declaration>@property (nonatomic, readonly, copy, nullable) NSString *fenceIdentifier</Declaration>
			
			
			<Anchor>//api/name/fenceIdentifier</Anchor>
            <NodeRef refid="5"/>
		</Token>
		
		<Token>
			<TokenIdentifier>//apple_ref/occ/instm/ETEventRegion/setLatitude:</TokenIdentifier>
			<Abstract type="html">The latitude of this region. Saved in an NSNumber as a double for easy passing. Be sure to call doubleValue on this property. (&lt;b class=&quot;deprecated&quot;&gt;Deprecated:&lt;/b&gt;&lt;span class=&quot;deprecated&quot;&gt; in v4.8.0. The Journey Builder for Apps SDK static library has been deprecated as of v4.8.0 (release 207). Please see https://github.com/salesforce-marketingcloud/MarketingCloudSDK-iOS and the MarketingCloudSDK framework for the latest implementation of Salesforce Marketing Cloud&apos;s offering.&lt;/span&gt;)</Abstract>
			<DeclaredIn>ETEventRegion.h</DeclaredIn>
			
			<Declaration>@property (nonatomic, readonly, copy, nullable) NSNumber *latitude</Declaration>
			
			
			<Anchor>//api/name/latitude</Anchor>
            <NodeRef refid="5"/>
		</Token>
		
		<Token>
			<TokenIdentifier>//apple_ref/occ/instm/ETEventRegion/latitude</TokenIdentifier>
			<Abstract type="html">The latitude of this region. Saved in an NSNumber as a double for easy passing. Be sure to call doubleValue on this property. (&lt;b class=&quot;deprecated&quot;&gt;Deprecated:&lt;/b&gt;&lt;span class=&quot;deprecated&quot;&gt; in v4.8.0. The Journey Builder for Apps SDK static library has been deprecated as of v4.8.0 (release 207). Please see https://github.com/salesforce-marketingcloud/MarketingCloudSDK-iOS and the MarketingCloudSDK framework for the latest implementation of Salesforce Marketing Cloud&apos;s offering.&lt;/span&gt;)</Abstract>
			<DeclaredIn>ETEventRegion.h</DeclaredIn>
			
			<Declaration>@property (nonatomic, readonly, copy, nullable) NSNumber *latitude</Declaration>
			
			
			<Anchor>//api/name/latitude</Anchor>
            <NodeRef refid="5"/>
		</Token>
		
		<Token>
			<TokenIdentifier>//apple_ref/occ/instp/ETEventRegion/latitude</TokenIdentifier>
			<Abstract type="html">The latitude of this region. Saved in an NSNumber as a double for easy passing. Be sure to call doubleValue on this property. (&lt;b class=&quot;deprecated&quot;&gt;Deprecated:&lt;/b&gt;&lt;span class=&quot;deprecated&quot;&gt; in v4.8.0. The Journey Builder for Apps SDK static library has been deprecated as of v4.8.0 (release 207). Please see https://github.com/salesforce-marketingcloud/MarketingCloudSDK-iOS and the MarketingCloudSDK framework for the latest implementation of Salesforce Marketing Cloud&apos;s offering.&lt;/span&gt;)</Abstract>
			<DeclaredIn>ETEventRegion.h</DeclaredIn>
			
			<Declaration>@property (nonatomic, readonly, copy, nullable) NSNumber *latitude</Declaration>
			
			
			<Anchor>//api/name/latitude</Anchor>
            <NodeRef refid="5"/>
		</Token>
		
		<Token>
			<TokenIdentifier>//apple_ref/occ/instm/ETEventRegion/setLongitude:</TokenIdentifier>
			<Abstract type="html">The longitude of this region. Saved in an NSNumber as a double for easy passing. Be sure to call doubleValue on this property. (&lt;b class=&quot;deprecated&quot;&gt;Deprecated:&lt;/b&gt;&lt;span class=&quot;deprecated&quot;&gt; in v4.8.0. The Journey Builder for Apps SDK static library has been deprecated as of v4.8.0 (release 207). Please see https://github.com/salesforce-marketingcloud/MarketingCloudSDK-iOS and the MarketingCloudSDK framework for the latest implementation of Salesforce Marketing Cloud&apos;s offering.&lt;/span&gt;)</Abstract>
			<DeclaredIn>ETEventRegion.h</DeclaredIn>
			
			<Declaration>@property (nonatomic, readonly, copy, nullable) NSNumber *longitude</Declaration>
			
			
			<Anchor>//api/name/longitude</Anchor>
            <NodeRef refid="5"/>
		</Token>
		
		<Token>
			<TokenIdentifier>//apple_ref/occ/instm/ETEventRegion/longitude</TokenIdentifier>
			<Abstract type="html">The longitude of this region. Saved in an NSNumber as a double for easy passing. Be sure to call doubleValue on this property. (&lt;b class=&quot;deprecated&quot;&gt;Deprecated:&lt;/b&gt;&lt;span class=&quot;deprecated&quot;&gt; in v4.8.0. The Journey Builder for Apps SDK static library has been deprecated as of v4.8.0 (release 207). Please see https://github.com/salesforce-marketingcloud/MarketingCloudSDK-iOS and the MarketingCloudSDK framework for the latest implementation of Salesforce Marketing Cloud&apos;s offering.&lt;/span&gt;)</Abstract>
			<DeclaredIn>ETEventRegion.h</DeclaredIn>
			
			<Declaration>@property (nonatomic, readonly, copy, nullable) NSNumber *longitude</Declaration>
			
			
			<Anchor>//api/name/longitude</Anchor>
            <NodeRef refid="5"/>
		</Token>
		
		<Token>
			<TokenIdentifier>//apple_ref/occ/instp/ETEventRegion/longitude</TokenIdentifier>
			<Abstract type="html">The longitude of this region. Saved in an NSNumber as a double for easy passing. Be sure to call doubleValue on this property. (&lt;b class=&quot;deprecated&quot;&gt;Deprecated:&lt;/b&gt;&lt;span class=&quot;deprecated&quot;&gt; in v4.8.0. The Journey Builder for Apps SDK static library has been deprecated as of v4.8.0 (release 207). Please see https://github.com/salesforce-marketingcloud/MarketingCloudSDK-iOS and the MarketingCloudSDK framework for the latest implementation of Salesforce Marketing Cloud&apos;s offering.&lt;/span&gt;)</Abstract>
			<DeclaredIn>ETEventRegion.h</DeclaredIn>
			
			<Declaration>@property (nonatomic, readonly, copy, nullable) NSNumber *longitude</Declaration>
			
			
			<Anchor>//api/name/longitude</Anchor>
            <NodeRef refid="5"/>
		</Token>
		
		<Token>
			<TokenIdentifier>//apple_ref/occ/instm/ETEventRegion/setRadius:</TokenIdentifier>
			<Abstract type="html">For geofences only, the radius of the fence. This number, an integer, is in meters. (&lt;b class=&quot;deprecated&quot;&gt;Deprecated:&lt;/b&gt;&lt;span class=&quot;deprecated&quot;&gt; in v4.8.0. The Journey Builder for Apps SDK static library has been deprecated as of v4.8.0 (release 207). Please see https://github.com/salesforce-marketingcloud/MarketingCloudSDK-iOS and the MarketingCloudSDK framework for the latest implementation of Salesforce Marketing Cloud&apos;s offering.&lt;/span&gt;)</Abstract>
			<DeclaredIn>ETEventRegion.h</DeclaredIn>
			
			<Declaration>@property (nonatomic, readonly, copy, nullable) NSNumber *radius</Declaration>
			
			
			<Anchor>//api/name/radius</Anchor>
            <NodeRef refid="5"/>
		</Token>
		
		<Token>
			<TokenIdentifier>//apple_ref/occ/instm/ETEventRegion/radius</TokenIdentifier>
			<Abstract type="html">For geofences only, the radius of the fence. This number, an integer, is in meters. (&lt;b class=&quot;deprecated&quot;&gt;Deprecated:&lt;/b&gt;&lt;span class=&quot;deprecated&quot;&gt; in v4.8.0. The Journey Builder for Apps SDK static library has been deprecated as of v4.8.0 (release 207). Please see https://github.com/salesforce-marketingcloud/MarketingCloudSDK-iOS and the MarketingCloudSDK framework for the latest implementation of Salesforce Marketing Cloud&apos;s offering.&lt;/span&gt;)</Abstract>
			<DeclaredIn>ETEventRegion.h</DeclaredIn>
			
			<Declaration>@property (nonatomic, readonly, copy, nullable) NSNumber *radius</Declaration>
			
			
			<Anchor>//api/name/radius</Anchor>
            <NodeRef refid="5"/>
		</Token>
		
		<Token>
			<TokenIdentifier>//apple_ref/occ/instp/ETEventRegion/radius</TokenIdentifier>
			<Abstract type="html">For geofences only, the radius of the fence. This number, an integer, is in meters. (&lt;b class=&quot;deprecated&quot;&gt;Deprecated:&lt;/b&gt;&lt;span class=&quot;deprecated&quot;&gt; in v4.8.0. The Journey Builder for Apps SDK static library has been deprecated as of v4.8.0 (release 207). Please see https://github.com/salesforce-marketingcloud/MarketingCloudSDK-iOS and the MarketingCloudSDK framework for the latest implementation of Salesforce Marketing Cloud&apos;s offering.&lt;/span&gt;)</Abstract>
			<DeclaredIn>ETEventRegion.h</DeclaredIn>
			
			<Declaration>@property (nonatomic, readonly, copy, nullable) NSNumber *radius</Declaration>
			
			
			<Anchor>//api/name/radius</Anchor>
            <NodeRef refid="5"/>
		</Token>
		
		<Token>
			<TokenIdentifier>//apple_ref/occ/instm/ETEventRegion/setProximityUUID:</TokenIdentifier>
			<Abstract type="html">For beacons, the Proximity UUID of the beacon. (&lt;b class=&quot;deprecated&quot;&gt;Deprecated:&lt;/b&gt;&lt;span class=&quot;deprecated&quot;&gt; in v4.8.0. The Journey Builder for Apps SDK static library has been deprecated as of v4.8.0 (release 207). Please see https://github.com/salesforce-marketingcloud/MarketingCloudSDK-iOS and the MarketingCloudSDK framework for the latest implementation of Salesforce Marketing Cloud&apos;s offering.&lt;/span&gt;)</Abstract>
			<DeclaredIn>ETEventRegion.h</DeclaredIn>
			
			<Declaration>@property (nonatomic, readonly, copy, nullable) NSString *proximityUUID</Declaration>
			
			
			<Anchor>//api/name/proximityUUID</Anchor>
            <NodeRef refid="5"/>
		</Token>
		
		<Token>
			<TokenIdentifier>//apple_ref/occ/instm/ETEventRegion/proximityUUID</TokenIdentifier>
			<Abstract type="html">For beacons, the Proximity UUID of the beacon. (&lt;b class=&quot;deprecated&quot;&gt;Deprecated:&lt;/b&gt;&lt;span class=&quot;deprecated&quot;&gt; in v4.8.0. The Journey Builder for Apps SDK static library has been deprecated as of v4.8.0 (release 207). Please see https://github.com/salesforce-marketingcloud/MarketingCloudSDK-iOS and the MarketingCloudSDK framework for the latest implementation of Salesforce Marketing Cloud&apos;s offering.&lt;/span&gt;)</Abstract>
			<DeclaredIn>ETEventRegion.h</DeclaredIn>
			
			<Declaration>@property (nonatomic, readonly, copy, nullable) NSString *proximityUUID</Declaration>
			
			
			<Anchor>//api/name/proximityUUID</Anchor>
            <NodeRef refid="5"/>
		</Token>
		
		<Token>
			<TokenIdentifier>//apple_ref/occ/instp/ETEventRegion/proximityUUID</TokenIdentifier>
			<Abstract type="html">For beacons, the Proximity UUID of the beacon. (&lt;b class=&quot;deprecated&quot;&gt;Deprecated:&lt;/b&gt;&lt;span class=&quot;deprecated&quot;&gt; in v4.8.0. The Journey Builder for Apps SDK static library has been deprecated as of v4.8.0 (release 207). Please see https://github.com/salesforce-marketingcloud/MarketingCloudSDK-iOS and the MarketingCloudSDK framework for the latest implementation of Salesforce Marketing Cloud&apos;s offering.&lt;/span&gt;)</Abstract>
			<DeclaredIn>ETEventRegion.h</DeclaredIn>
			
			<Declaration>@property (nonatomic, readonly, copy, nullable) NSString *proximityUUID</Declaration>
			
			
			<Anchor>//api/name/proximityUUID</Anchor>
            <NodeRef refid="5"/>
		</Token>
		
		<Token>
			<TokenIdentifier>//apple_ref/occ/instm/ETEventRegion/setMajorNumber:</TokenIdentifier>
			<Abstract type="html">For beacons, the Major number. This is a uint32 per the CLBeaconRegion spec. (&lt;b class=&quot;deprecated&quot;&gt;Deprecated:&lt;/b&gt;&lt;span class=&quot;deprecated&quot;&gt; in v4.8.0. The Journey Builder for Apps SDK static library has been deprecated as of v4.8.0 (release 207). Please see https://github.com/salesforce-marketingcloud/MarketingCloudSDK-iOS and the MarketingCloudSDK framework for the latest implementation of Salesforce Marketing Cloud&apos;s offering.&lt;/span&gt;)</Abstract>
			<DeclaredIn>ETEventRegion.h</DeclaredIn>
			
			<Declaration>@property (nonatomic, readonly, copy, nullable) NSNumber *majorNumber</Declaration>
			
			
			<Anchor>//api/name/majorNumber</Anchor>
            <NodeRef refid="5"/>
		</Token>
		
		<Token>
			<TokenIdentifier>//apple_ref/occ/instm/ETEventRegion/majorNumber</TokenIdentifier>
			<Abstract type="html">For beacons, the Major number. This is a uint32 per the CLBeaconRegion spec. (&lt;b class=&quot;deprecated&quot;&gt;Deprecated:&lt;/b&gt;&lt;span class=&quot;deprecated&quot;&gt; in v4.8.0. The Journey Builder for Apps SDK static library has been deprecated as of v4.8.0 (release 207). Please see https://github.com/salesforce-marketingcloud/MarketingCloudSDK-iOS and the MarketingCloudSDK framework for the latest implementation of Salesforce Marketing Cloud&apos;s offering.&lt;/span&gt;)</Abstract>
			<DeclaredIn>ETEventRegion.h</DeclaredIn>
			
			<Declaration>@property (nonatomic, readonly, copy, nullable) NSNumber *majorNumber</Declaration>
			
			
			<Anchor>//api/name/majorNumber</Anchor>
            <NodeRef refid="5"/>
		</Token>
		
		<Token>
			<TokenIdentifier>//apple_ref/occ/instp/ETEventRegion/majorNumber</TokenIdentifier>
			<Abstract type="html">For beacons, the Major number. This is a uint32 per the CLBeaconRegion spec. (&lt;b class=&quot;deprecated&quot;&gt;Deprecated:&lt;/b&gt;&lt;span class=&quot;deprecated&quot;&gt; in v4.8.0. The Journey Builder for Apps SDK static library has been deprecated as of v4.8.0 (release 207). Please see https://github.com/salesforce-marketingcloud/MarketingCloudSDK-iOS and the MarketingCloudSDK framework for the latest implementation of Salesforce Marketing Cloud&apos;s offering.&lt;/span&gt;)</Abstract>
			<DeclaredIn>ETEventRegion.h</DeclaredIn>
			
			<Declaration>@property (nonatomic, readonly, copy, nullable) NSNumber *majorNumber</Declaration>
			
			
			<Anchor>//api/name/majorNumber</Anchor>
            <NodeRef refid="5"/>
		</Token>
		
		<Token>
			<TokenIdentifier>//apple_ref/occ/instm/ETEventRegion/setMinorNumber:</TokenIdentifier>
			<Abstract type="html">For beacons, the Minor number. This is a uint32 per the CLBeaconRegion spec. (&lt;b class=&quot;deprecated&quot;&gt;Deprecated:&lt;/b&gt;&lt;span class=&quot;deprecated&quot;&gt; in v4.8.0. The Journey Builder for Apps SDK static library has been deprecated as of v4.8.0 (release 207). Please see https://github.com/salesforce-marketingcloud/MarketingCloudSDK-iOS and the MarketingCloudSDK framework for the latest implementation of Salesforce Marketing Cloud&apos;s offering.&lt;/span&gt;)</Abstract>
			<DeclaredIn>ETEventRegion.h</DeclaredIn>
			
			<Declaration>@property (nonatomic, readonly, copy, nullable) NSNumber *minorNumber</Declaration>
			
			
			<Anchor>//api/name/minorNumber</Anchor>
            <NodeRef refid="5"/>
		</Token>
		
		<Token>
			<TokenIdentifier>//apple_ref/occ/instm/ETEventRegion/minorNumber</TokenIdentifier>
			<Abstract type="html">For beacons, the Minor number. This is a uint32 per the CLBeaconRegion spec. (&lt;b class=&quot;deprecated&quot;&gt;Deprecated:&lt;/b&gt;&lt;span class=&quot;deprecated&quot;&gt; in v4.8.0. The Journey Builder for Apps SDK static library has been deprecated as of v4.8.0 (release 207). Please see https://github.com/salesforce-marketingcloud/MarketingCloudSDK-iOS and the MarketingCloudSDK framework for the latest implementation of Salesforce Marketing Cloud&apos;s offering.&lt;/span&gt;)</Abstract>
			<DeclaredIn>ETEventRegion.h</DeclaredIn>
			
			<Declaration>@property (nonatomic, readonly, copy, nullable) NSNumber *minorNumber</Declaration>
			
			
			<Anchor>//api/name/minorNumber</Anchor>
            <NodeRef refid="5"/>
		</Token>
		
		<Token>
			<TokenIdentifier>//apple_ref/occ/instp/ETEventRegion/minorNumber</TokenIdentifier>
			<Abstract type="html">For beacons, the Minor number. This is a uint32 per the CLBeaconRegion spec. (&lt;b class=&quot;deprecated&quot;&gt;Deprecated:&lt;/b&gt;&lt;span class=&quot;deprecated&quot;&gt; in v4.8.0. The Journey Builder for Apps SDK static library has been deprecated as of v4.8.0 (release 207). Please see https://github.com/salesforce-marketingcloud/MarketingCloudSDK-iOS and the MarketingCloudSDK framework for the latest implementation of Salesforce Marketing Cloud&apos;s offering.&lt;/span&gt;)</Abstract>
			<DeclaredIn>ETEventRegion.h</DeclaredIn>
			
			<Declaration>@property (nonatomic, readonly, copy, nullable) NSNumber *minorNumber</Declaration>
			
			
			<Anchor>//api/name/minorNumber</Anchor>
            <NodeRef refid="5"/>
		</Token>
		
		<Token>
			<TokenIdentifier>//apple_ref/occ/instm/ETEventRegion/setRegionName:</TokenIdentifier>
			<Abstract type="html">This is the name which is set on SalesforceMarketingCloud, while setting the ETRegion (&lt;b class=&quot;deprecated&quot;&gt;Deprecated:&lt;/b&gt;&lt;span class=&quot;deprecated&quot;&gt; in v4.8.0. The Journey Builder for Apps SDK static library has been deprecated as of v4.8.0 (release 207). Please see https://github.com/salesforce-marketingcloud/MarketingCloudSDK-iOS and the MarketingCloudSDK framework for the latest implementation of Salesforce Marketing Cloud&apos;s offering.&lt;/span&gt;)</Abstract>
			<DeclaredIn>ETEventRegion.h</DeclaredIn>
			
			<Declaration>@property (nonatomic, readonly, copy, nullable) NSString *regionName</Declaration>
			
			
			<Anchor>//api/name/regionName</Anchor>
            <NodeRef refid="5"/>
		</Token>
		
		<Token>
			<TokenIdentifier>//apple_ref/occ/instm/ETEventRegion/regionName</TokenIdentifier>
			<Abstract type="html">This is the name which is set on SalesforceMarketingCloud, while setting the ETRegion (&lt;b class=&quot;deprecated&quot;&gt;Deprecated:&lt;/b&gt;&lt;span class=&quot;deprecated&quot;&gt; in v4.8.0. The Journey Builder for Apps SDK static library has been deprecated as of v4.8.0 (release 207). Please see https://github.com/salesforce-marketingcloud/MarketingCloudSDK-iOS and the MarketingCloudSDK framework for the latest implementation of Salesforce Marketing Cloud&apos;s offering.&lt;/span&gt;)</Abstract>
			<DeclaredIn>ETEventRegion.h</DeclaredIn>
			
			<Declaration>@property (nonatomic, readonly, copy, nullable) NSString *regionName</Declaration>
			
			
			<Anchor>//api/name/regionName</Anchor>
            <NodeRef refid="5"/>
		</Token>
		
		<Token>
			<TokenIdentifier>//apple_ref/occ/instp/ETEventRegion/regionName</TokenIdentifier>
			<Abstract type="html">This is the name which is set on SalesforceMarketingCloud, while setting the ETRegion (&lt;b class=&quot;deprecated&quot;&gt;Deprecated:&lt;/b&gt;&lt;span class=&quot;deprecated&quot;&gt; in v4.8.0. The Journey Builder for Apps SDK static library has been deprecated as of v4.8.0 (release 207). Please see https://github.com/salesforce-marketingcloud/MarketingCloudSDK-iOS and the MarketingCloudSDK framework for the latest implementation of Salesforce Marketing Cloud&apos;s offering.&lt;/span&gt;)</Abstract>
			<DeclaredIn>ETEventRegion.h</DeclaredIn>
			
			<Declaration>@property (nonatomic, readonly, copy, nullable) NSString *regionName</Declaration>
			
			
			<Anchor>//api/name/regionName</Anchor>
            <NodeRef refid="5"/>
		</Token>
		
		<Token>
			<TokenIdentifier>//apple_ref/occ/instm/ETEventRegion/setIsGeofenceRegion:</TokenIdentifier>
			<Abstract type="html">Helper to quickly determine if this is a Geofence region. (&lt;b class=&quot;deprecated&quot;&gt;Deprecated:&lt;/b&gt;&lt;span class=&quot;deprecated&quot;&gt; in v4.8.0. The Journey Builder for Apps SDK static library has been deprecated as of v4.8.0 (release 207). Please see https://github.com/salesforce-marketingcloud/MarketingCloudSDK-iOS and the MarketingCloudSDK framework for the latest implementation of Salesforce Marketing Cloud&apos;s offering.&lt;/span&gt;)</Abstract>
			<DeclaredIn>ETEventRegion.h</DeclaredIn>
			
			<Declaration>@property (nonatomic, readonly) BOOL isGeofenceRegion</Declaration>
			
			<ReturnValue><Abstract type="html">T/F if a geofence.</Abstract></ReturnValue>
			<Anchor>//api/name/isGeofenceRegion</Anchor>
            <NodeRef refid="5"/>
		</Token>
		
		<Token>
			<TokenIdentifier>//apple_ref/occ/instm/ETEventRegion/isGeofenceRegion</TokenIdentifier>
			<Abstract type="html">Helper to quickly determine if this is a Geofence region. (&lt;b class=&quot;deprecated&quot;&gt;Deprecated:&lt;/b&gt;&lt;span class=&quot;deprecated&quot;&gt; in v4.8.0. The Journey Builder for Apps SDK static library has been deprecated as of v4.8.0 (release 207). Please see https://github.com/salesforce-marketingcloud/MarketingCloudSDK-iOS and the MarketingCloudSDK framework for the latest implementation of Salesforce Marketing Cloud&apos;s offering.&lt;/span&gt;)</Abstract>
			<DeclaredIn>ETEventRegion.h</DeclaredIn>
			
			<Declaration>@property (nonatomic, readonly) BOOL isGeofenceRegion</Declaration>
			
			<ReturnValue><Abstract type="html">T/F if a geofence.</Abstract></ReturnValue>
			<Anchor>//api/name/isGeofenceRegion</Anchor>
            <NodeRef refid="5"/>
		</Token>
		
		<Token>
			<TokenIdentifier>//apple_ref/occ/instp/ETEventRegion/isGeofenceRegion</TokenIdentifier>
			<Abstract type="html">Helper to quickly determine if this is a Geofence region. (&lt;b class=&quot;deprecated&quot;&gt;Deprecated:&lt;/b&gt;&lt;span class=&quot;deprecated&quot;&gt; in v4.8.0. The Journey Builder for Apps SDK static library has been deprecated as of v4.8.0 (release 207). Please see https://github.com/salesforce-marketingcloud/MarketingCloudSDK-iOS and the MarketingCloudSDK framework for the latest implementation of Salesforce Marketing Cloud&apos;s offering.&lt;/span&gt;)</Abstract>
			<DeclaredIn>ETEventRegion.h</DeclaredIn>
			
			<Declaration>@property (nonatomic, readonly) BOOL isGeofenceRegion</Declaration>
			
			<ReturnValue><Abstract type="html">T/F if a geofence.</Abstract></ReturnValue>
			<Anchor>//api/name/isGeofenceRegion</Anchor>
            <NodeRef refid="5"/>
		</Token>
		
		<Token>
			<TokenIdentifier>//apple_ref/occ/instm/ETEventRegion/setIsBeaconRegion:</TokenIdentifier>
			<Abstract type="html">Helper to quickly determine if this is a Beacon/Proximity region. (&lt;b class=&quot;deprecated&quot;&gt;Deprecated:&lt;/b&gt;&lt;span class=&quot;deprecated&quot;&gt; in v4.8.0. The Journey Builder for Apps SDK static library has been deprecated as of v4.8.0 (release 207). Please see https://github.com/salesforce-marketingcloud/MarketingCloudSDK-iOS and the MarketingCloudSDK framework for the latest implementation of Salesforce Marketing Cloud&apos;s offering.&lt;/span&gt;)</Abstract>
			<DeclaredIn>ETEventRegion.h</DeclaredIn>
			
			<Declaration>@property (nonatomic, readonly) BOOL isBeaconRegion</Declaration>
			
			<ReturnValue><Abstract type="html">T/F if a beacon.</Abstract></ReturnValue>
			<Anchor>//api/name/isBeaconRegion</Anchor>
            <NodeRef refid="5"/>
		</Token>
		
		<Token>
			<TokenIdentifier>//apple_ref/occ/instm/ETEventRegion/isBeaconRegion</TokenIdentifier>
			<Abstract type="html">Helper to quickly determine if this is a Beacon/Proximity region. (&lt;b class=&quot;deprecated&quot;&gt;Deprecated:&lt;/b&gt;&lt;span class=&quot;deprecated&quot;&gt; in v4.8.0. The Journey Builder for Apps SDK static library has been deprecated as of v4.8.0 (release 207). Please see https://github.com/salesforce-marketingcloud/MarketingCloudSDK-iOS and the MarketingCloudSDK framework for the latest implementation of Salesforce Marketing Cloud&apos;s offering.&lt;/span&gt;)</Abstract>
			<DeclaredIn>ETEventRegion.h</DeclaredIn>
			
			<Declaration>@property (nonatomic, readonly) BOOL isBeaconRegion</Declaration>
			
			<ReturnValue><Abstract type="html">T/F if a beacon.</Abstract></ReturnValue>
			<Anchor>//api/name/isBeaconRegion</Anchor>
            <NodeRef refid="5"/>
		</Token>
		
		<Token>
			<TokenIdentifier>//apple_ref/occ/instp/ETEventRegion/isBeaconRegion</TokenIdentifier>
			<Abstract type="html">Helper to quickly determine if this is a Beacon/Proximity region. (&lt;b class=&quot;deprecated&quot;&gt;Deprecated:&lt;/b&gt;&lt;span class=&quot;deprecated&quot;&gt; in v4.8.0. The Journey Builder for Apps SDK static library has been deprecated as of v4.8.0 (release 207). Please see https://github.com/salesforce-marketingcloud/MarketingCloudSDK-iOS and the MarketingCloudSDK framework for the latest implementation of Salesforce Marketing Cloud&apos;s offering.&lt;/span&gt;)</Abstract>
			<DeclaredIn>ETEventRegion.h</DeclaredIn>
			
			<Declaration>@property (nonatomic, readonly) BOOL isBeaconRegion</Declaration>
			
			<ReturnValue><Abstract type="html">T/F if a beacon.</Abstract></ReturnValue>
			<Anchor>//api/name/isBeaconRegion</Anchor>
            <NodeRef refid="5"/>
		</Token>
		
		<Token>
			<TokenIdentifier>//apple_ref/occ/instm/ETEventRegion/setMessages:</TokenIdentifier>
			<Abstract type="html">An array of event messages associated with this region (&lt;b class=&quot;deprecated&quot;&gt;Deprecated:&lt;/b&gt;&lt;span class=&quot;deprecated&quot;&gt; in v4.8.0. The Journey Builder for Apps SDK static library has been deprecated as of v4.8.0 (release 207). Please see https://github.com/salesforce-marketingcloud/MarketingCloudSDK-iOS and the MarketingCloudSDK framework for the latest implementation of Salesforce Marketing Cloud&apos;s offering.&lt;/span&gt;)</Abstract>
			<DeclaredIn>ETEventRegion.h</DeclaredIn>
			
			<Declaration>@property (nonatomic, readonly, copy, nullable) NSArray *messages</Declaration>
			
			
			<Anchor>//api/name/messages</Anchor>
            <NodeRef refid="5"/>
		</Token>
		
		<Token>
			<TokenIdentifier>//apple_ref/occ/instm/ETEventRegion/messages</TokenIdentifier>
			<Abstract type="html">An array of event messages associated with this region (&lt;b class=&quot;deprecated&quot;&gt;Deprecated:&lt;/b&gt;&lt;span class=&quot;deprecated&quot;&gt; in v4.8.0. The Journey Builder for Apps SDK static library has been deprecated as of v4.8.0 (release 207). Please see https://github.com/salesforce-marketingcloud/MarketingCloudSDK-iOS and the MarketingCloudSDK framework for the latest implementation of Salesforce Marketing Cloud&apos;s offering.&lt;/span&gt;)</Abstract>
			<DeclaredIn>ETEventRegion.h</DeclaredIn>
			
			<Declaration>@property (nonatomic, readonly, copy, nullable) NSArray *messages</Declaration>
			
			
			<Anchor>//api/name/messages</Anchor>
            <NodeRef refid="5"/>
		</Token>
		
		<Token>
			<TokenIdentifier>//apple_ref/occ/instp/ETEventRegion/messages</TokenIdentifier>
			<Abstract type="html">An array of event messages associated with this region (&lt;b class=&quot;deprecated&quot;&gt;Deprecated:&lt;/b&gt;&lt;span class=&quot;deprecated&quot;&gt; in v4.8.0. The Journey Builder for Apps SDK static library has been deprecated as of v4.8.0 (release 207). Please see https://github.com/salesforce-marketingcloud/MarketingCloudSDK-iOS and the MarketingCloudSDK framework for the latest implementation of Salesforce Marketing Cloud&apos;s offering.&lt;/span&gt;)</Abstract>
			<DeclaredIn>ETEventRegion.h</DeclaredIn>
			
			<Declaration>@property (nonatomic, readonly, copy, nullable) NSArray *messages</Declaration>
			
			
			<Anchor>//api/name/messages</Anchor>
            <NodeRef refid="5"/>
		</Token>
		
        
        
	</File>
</Tokens>