<?xml version="1.0" encoding="UTF-8"?>
<Tokens version="1.0">
	<File path="Protocols/ExactTargetCloudPageWithAlertDelegate.html">
		
		<Token>
			<TokenIdentifier>//apple_ref/occ/intf/ExactTargetCloudPageWithAlertDelegate</TokenIdentifier>
			<Abstract type="html">Supporting protocol for Cloud Pages with Alert, part of the Salesforce 2016-04 release.</Abstract>
			<DeclaredIn>ETPush.h</DeclaredIn>
            
			
			<NodeRef refid="18"/>
		</Token>
		
		
		<Token>
			<TokenIdentifier>//apple_ref/occ/intfm/ExactTargetCloudPageWithAlertDelegate/didReceiveCloudPageWithAlertMessageWithContents:</TokenIdentifier>
			<Abstract type="html">Method called when an Cloud Page with Alert payload is received from MobilePush. (&lt;b class=&quot;deprecated&quot;&gt;Deprecated:&lt;/b&gt;&lt;span class=&quot;deprecated&quot;&gt; in v4.8.0. The Journey Builder for Apps SDK static library has been deprecated as of v4.8.0 (release 207). Please see https://github.com/salesforce-marketingcloud/MarketingCloudSDK-iOS and the MarketingCloudSDK framework for the latest implementation of Salesforce Marketing Cloud&apos;s offering.&lt;/span&gt;)</Abstract>
			<DeclaredIn>ETPush.h</DeclaredIn>
			
			<Declaration>- (void)didReceiveCloudPageWithAlertMessageWithContents:(NSString *)payload</Declaration>
			<Parameters>
				<Parameter>
					<Name>payload</Name>
					<Abstract type="html">value NSString. The contents of the payload as received from MobilePush.</Abstract>
				</Parameter>
			</Parameters>
			
			<Anchor>//api/name/didReceiveCloudPageWithAlertMessageWithContents:</Anchor>
            <NodeRef refid="18"/>
		</Token>
		
		<Token>
			<TokenIdentifier>//apple_ref/occ/intfm/ExactTargetCloudPageWithAlertDelegate/shouldDeliverCloudPageWithAlertMessageIfAppIsRunning</TokenIdentifier>
			<Abstract type="html">Allows you to define the behavior of Cloud Page with Alert based on application state. (&lt;b class=&quot;deprecated&quot;&gt;Deprecated:&lt;/b&gt;&lt;span class=&quot;deprecated&quot;&gt; in v4.8.0. The Journey Builder for Apps SDK static library has been deprecated as of v4.8.0 (release 207). Please see https://github.com/salesforce-marketingcloud/MarketingCloudSDK-iOS and the MarketingCloudSDK framework for the latest implementation of Salesforce Marketing Cloud&apos;s offering.&lt;/span&gt;)</Abstract>
			<DeclaredIn>ETPush.h</DeclaredIn>
			
			<Declaration>- (BOOL)shouldDeliverCloudPageWithAlertMessageIfAppIsRunning</Declaration>
			
			<ReturnValue><Abstract type="html">BOOL representing whether or not you want action to be taken.</Abstract></ReturnValue>
			<Anchor>//api/name/shouldDeliverCloudPageWithAlertMessageIfAppIsRunning</Anchor>
            <NodeRef refid="18"/>
		</Token>
		
        
        
	</File>
</Tokens>