<?xml version="1.0" encoding="UTF-8"?>
<Tokens version="1.0">
	<File path="Constants/GenericUpdateSendMethod.html">
		
		<Token>
			<TokenIdentifier>//apple_ref/c/tdef/GenericUpdateSendMethod</TokenIdentifier>
			<Abstract type="html">This enumeration defines what HTTP method should be used in sending the data. These are standard HTTP methods.</Abstract>
			<DeclaredIn>ETGenericUpdate.h</DeclaredIn>
            
			
			<NodeRef refid="21"/>
		</Token>
		
		
        
        <Token>
            <TokenIdentifier>//apple_ref/c/econst/firstGenericUpdateSendMethodDeleteIndex</TokenIdentifier>
            <Abstract type="html">First enum value</Abstract>
            <Declaration>firstGenericUpdateSendMethodDeleteIndex</Declaration>
            
            <DeclaredIn>ETGenericUpdate.h</DeclaredIn>
            
            <NodeRef refid="21"/>
        </Token>
        
        <Token>
            <TokenIdentifier>//apple_ref/c/econst/GenericUpdateSendMethodGet</TokenIdentifier>
            <Abstract type="html">HTTP GET</Abstract>
            <Declaration>GenericUpdateSendMethodGet</Declaration>
            
            <DeclaredIn>ETGenericUpdate.h</DeclaredIn>
            
            <NodeRef refid="21"/>
        </Token>
        
        <Token>
            <TokenIdentifier>//apple_ref/c/econst/GenericUpdateSendMethodPost</TokenIdentifier>
            <Abstract type="html">HTTP POST</Abstract>
            <Declaration>GenericUpdateSendMethodPost</Declaration>
            
            <DeclaredIn>ETGenericUpdate.h</DeclaredIn>
            
            <NodeRef refid="21"/>
        </Token>
        
        <Token>
            <TokenIdentifier>//apple_ref/c/econst/GenericUpdateSendMethodPut</TokenIdentifier>
            <Abstract type="html">HTTP PUT</Abstract>
            <Declaration>GenericUpdateSendMethodPut</Declaration>
            
            <DeclaredIn>ETGenericUpdate.h</DeclaredIn>
            
            <NodeRef refid="21"/>
        </Token>
        
        <Token>
            <TokenIdentifier>//apple_ref/c/econst/GenericUpdateSendMethodDelete</TokenIdentifier>
            <Abstract type="html">HTTP DELETE</Abstract>
            <Declaration>GenericUpdateSendMethodDelete</Declaration>
            
            <DeclaredIn>ETGenericUpdate.h</DeclaredIn>
            
            <NodeRef refid="21"/>
        </Token>
        
        <Token>
            <TokenIdentifier>//apple_ref/c/econst/lastGenericUpdateSendMethodDeleteIndex</TokenIdentifier>
            <Abstract type="html">lastGenericUpdateSendMethodIndex</Abstract>
            <Declaration>lastGenericUpdateSendMethodDeleteIndex</Declaration>
            
            <DeclaredIn>ETGenericUpdate.h</DeclaredIn>
            
            <NodeRef refid="21"/>
        </Token>
        
        
	</File>
</Tokens>